,0
0,"DecisionTreeClassifier(max_features='sqrt', random_state=316384398)"
1,"DecisionTreeClassifier(max_features='sqrt', random_state=974757448)"
2,"DecisionTreeClassifier(max_features='sqrt', random_state=1036818075)"
3,"DecisionTreeClassifier(max_features='sqrt', random_state=979219838)"
4,"DecisionTreeClassifier(max_features='sqrt', random_state=2034801856)"
5,"DecisionTreeClassifier(max_features='sqrt', random_state=900062211)"
6,"DecisionTreeClassifier(max_features='sqrt', random_state=251460834)"
7,"DecisionTreeClassifier(max_features='sqrt', random_state=1062813174)"
8,"DecisionTreeClassifier(max_features='sqrt', random_state=1821682357)"
9,"DecisionTreeClassifier(max_features='sqrt', random_state=2113899107)"
10,"DecisionTreeClassifier(max_features='sqrt', random_state=1722099862)"
11,"DecisionTreeClassifier(max_features='sqrt', random_state=397235582)"
12,"DecisionTreeClassifier(max_features='sqrt', random_state=712088487)"
13,"DecisionTreeClassifier(max_features='sqrt', random_state=111167014)"
14,"DecisionTreeClassifier(max_features='sqrt', random_state=713766291)"
15,"DecisionTreeClassifier(max_features='sqrt', random_state=598580236)"
16,"DecisionTreeClassifier(max_features='sqrt', random_state=2029444381)"
17,"DecisionTreeClassifier(max_features='sqrt', random_state=1480441126)"
18,"DecisionTreeClassifier(max_features='sqrt', random_state=1941685571)"
19,"DecisionTreeClassifier(max_features='sqrt', random_state=1711133914)"
20,"DecisionTreeClassifier(max_features='sqrt', random_state=1549254674)"
21,"DecisionTreeClassifier(max_features='sqrt', random_state=773782893)"
22,"DecisionTreeClassifier(max_features='sqrt', random_state=581976291)"
23,"DecisionTreeClassifier(max_features='sqrt', random_state=1374121432)"
24,"DecisionTreeClassifier(max_features='sqrt', random_state=328771839)"
25,"DecisionTreeClassifier(max_features='sqrt', random_state=1533816096)"
26,"DecisionTreeClassifier(max_features='sqrt', random_state=1139523863)"
27,"DecisionTreeClassifier(max_features='sqrt', random_state=867167312)"
28,"DecisionTreeClassifier(max_features='sqrt', random_state=1535741988)"
29,"DecisionTreeClassifier(max_features='sqrt', random_state=698482886)"
30,"DecisionTreeClassifier(max_features='sqrt', random_state=628759370)"
31,"DecisionTreeClassifier(max_features='sqrt', random_state=408384619)"
32,"DecisionTreeClassifier(max_features='sqrt', random_state=1540565323)"
33,"DecisionTreeClassifier(max_features='sqrt', random_state=1204652439)"
34,"DecisionTreeClassifier(max_features='sqrt', random_state=539865114)"
35,"DecisionTreeClassifier(max_features='sqrt', random_state=2109023402)"
36,"DecisionTreeClassifier(max_features='sqrt', random_state=649441746)"
37,"DecisionTreeClassifier(max_features='sqrt', random_state=1027443139)"
38,"DecisionTreeClassifier(max_features='sqrt', random_state=781708013)"
39,"DecisionTreeClassifier(max_features='sqrt', random_state=804292262)"
40,"DecisionTreeClassifier(max_features='sqrt', random_state=560796793)"
41,"DecisionTreeClassifier(max_features='sqrt', random_state=40514459)"
42,"DecisionTreeClassifier(max_features='sqrt', random_state=781545286)"
43,"DecisionTreeClassifier(max_features='sqrt', random_state=2053552154)"
44,"DecisionTreeClassifier(max_features='sqrt', random_state=739312517)"
45,"DecisionTreeClassifier(max_features='sqrt', random_state=2081124776)"
46,"DecisionTreeClassifier(max_features='sqrt', random_state=581170525)"
47,"DecisionTreeClassifier(max_features='sqrt', random_state=1432994072)"
48,"DecisionTreeClassifier(max_features='sqrt', random_state=1911577159)"
49,"DecisionTreeClassifier(max_features='sqrt', random_state=1162244874)"
50,"DecisionTreeClassifier(max_features='sqrt', random_state=1608750505)"
51,"DecisionTreeClassifier(max_features='sqrt', random_state=1956567825)"
52,"DecisionTreeClassifier(max_features='sqrt', random_state=845125469)"
53,"DecisionTreeClassifier(max_features='sqrt', random_state=1533146210)"
54,"DecisionTreeClassifier(max_features='sqrt', random_state=699831520)"
55,"DecisionTreeClassifier(max_features='sqrt', random_state=1507843806)"
56,"DecisionTreeClassifier(max_features='sqrt', random_state=1331495619)"
57,"DecisionTreeClassifier(max_features='sqrt', random_state=174035253)"
58,"DecisionTreeClassifier(max_features='sqrt', random_state=1308340585)"
59,"DecisionTreeClassifier(max_features='sqrt', random_state=1052271684)"
60,"DecisionTreeClassifier(max_features='sqrt', random_state=1185423272)"
61,"DecisionTreeClassifier(max_features='sqrt', random_state=193075028)"
62,"DecisionTreeClassifier(max_features='sqrt', random_state=125950407)"
63,"DecisionTreeClassifier(max_features='sqrt', random_state=1243620280)"
64,"DecisionTreeClassifier(max_features='sqrt', random_state=1539740955)"
65,"DecisionTreeClassifier(max_features='sqrt', random_state=1678747239)"
66,"DecisionTreeClassifier(max_features='sqrt', random_state=1309095192)"
67,"DecisionTreeClassifier(max_features='sqrt', random_state=476248886)"
68,"DecisionTreeClassifier(max_features='sqrt', random_state=444307286)"
69,"DecisionTreeClassifier(max_features='sqrt', random_state=1721947332)"
70,"DecisionTreeClassifier(max_features='sqrt', random_state=1485217066)"
71,"DecisionTreeClassifier(max_features='sqrt', random_state=599632451)"
72,"DecisionTreeClassifier(max_features='sqrt', random_state=2063379875)"
73,"DecisionTreeClassifier(max_features='sqrt', random_state=1967752652)"
74,"DecisionTreeClassifier(max_features='sqrt', random_state=155573232)"
75,"DecisionTreeClassifier(max_features='sqrt', random_state=1656094439)"
76,"DecisionTreeClassifier(max_features='sqrt', random_state=412971299)"
77,"DecisionTreeClassifier(max_features='sqrt', random_state=1942168295)"
78,"DecisionTreeClassifier(max_features='sqrt', random_state=220807589)"
79,"DecisionTreeClassifier(max_features='sqrt', random_state=832513899)"
80,"DecisionTreeClassifier(max_features='sqrt', random_state=1502088530)"
81,"DecisionTreeClassifier(max_features='sqrt', random_state=269690839)"
82,"DecisionTreeClassifier(max_features='sqrt', random_state=1587899990)"
83,"DecisionTreeClassifier(max_features='sqrt', random_state=716874778)"
84,"DecisionTreeClassifier(max_features='sqrt', random_state=1382117943)"
85,"DecisionTreeClassifier(max_features='sqrt', random_state=254660074)"
86,"DecisionTreeClassifier(max_features='sqrt', random_state=1065566566)"
87,"DecisionTreeClassifier(max_features='sqrt', random_state=1737256168)"
88,"DecisionTreeClassifier(max_features='sqrt', random_state=22825876)"
89,"DecisionTreeClassifier(max_features='sqrt', random_state=750963015)"
90,"DecisionTreeClassifier(max_features='sqrt', random_state=1415350899)"
91,"DecisionTreeClassifier(max_features='sqrt', random_state=1580495227)"
92,"DecisionTreeClassifier(max_features='sqrt', random_state=2020026634)"
93,"DecisionTreeClassifier(max_features='sqrt', random_state=313176844)"
94,"DecisionTreeClassifier(max_features='sqrt', random_state=1878627061)"
95,"DecisionTreeClassifier(max_features='sqrt', random_state=1362837378)"
96,"DecisionTreeClassifier(max_features='sqrt', random_state=1527952980)"
97,"DecisionTreeClassifier(max_features='sqrt', random_state=1671596578)"
98,"DecisionTreeClassifier(max_features='sqrt', random_state=340345911)"
99,"DecisionTreeClassifier(max_features='sqrt', random_state=1864250397)"
